GTIN,EXTERNAL_ID,NAME,STOCK,PRICE,MPN,DESCRIPTION,IMAGE1,IMAGE2,IMAGE3,IMAGE4,IMAGE5,IMAGE6,IMAGE7,IMAGE8,IMAGE9,IMAGE10,IMAGE11,IMAGE12,IMAGE13,IMAGE14,IMAGE15,IMAGE16,AI_COCREATED,CATEGORY,BRAND,COLOR,SIZE,MATERIAL
,2938f7ed-e0ba-46a8-859e-8f92320c9a23,Filtr powietrza Knecht LX 876/1 wkład filtra OPEL RENAULT NISSAN – NOWY,1,46,,"Na sprzedaż oferuję fabrycznie nowy, oryginalny filtr powietrza (wkład filtra) renomowanej marki Knecht (grupa MAHLE). 

Oznaczenie katalogowe: LX 876/1 (LX876/1)
Stan: Fabrycznie nowy, w oryginalnym opakowaniu producenta. 

Filtry powietrza marki Knecht charakteryzują się najwyższą skutecznością separacji zanieczyszczeń, takich jak kurz, piasek czy sadza. Zapewniają optymalny przepływ powietrza do komory spalania, co chroni delikatne elementy silnika (pierścienie tłokowe, gładzie cylindrów oraz panewki) przed przedwczesnym zużyciem i gwarantuje pełną efektywność pracy jednostki napędowej. 

Zastosowanie:
Filtr dedykowany do wielu bardzo popularnych samochodów dostawczych oraz osobowych (odpowiednik m.in. numerów OE: Opel 4416392, 4500935, 9161235, Renault 7701044595, Nissan 16546-00QAC): 

* OPEL (modele: Movano A, Vivaro A – głównie przy jednostkach diesla m.in. 1.9 DTI / CDTI, 2.5 DTI / CDTI)
* RENAULT (modele: Master II, Trafic II, Avantime, Espace III, Laguna II)
* NISSAN (modele: Interstar, Primastar)",https://parts.dcplatforms.pl/ogloszenie/2dc8cdec-b5f2-4687-9d68-1b326efcd018/01.jpg,https://parts.dcplatforms.pl/ogloszenie/2dc8cdec-b5f2-4687-9d68-1b326efcd018/02.jpg,https://parts.dcplatforms.pl/ogloszenie/2dc8cdec-b5f2-4687-9d68-1b326efcd018/03.jpg,,,,,,,,,,,,,,,Motoryzacja / Części samochodowe / Osobowe,,,,
,3a111949-1c91-4d0f-97f6-3e908c9bd563,Uszczelka kolektora wydechowego Victor Reinz 71-38512-00 RENAULT OPEL NISSAN,1,40,,"Na sprzedaż oferuję fabrycznie nowy, oryginalny pasek rozrządu renomowanej niemieckiej marki ContiTech (grupa Continental). 

Oznaczenie katalogowe: CT1071
Parametry: 154 Z (liczba zębów: 154, szerokość: 29 mm)
Kod EAN: 4010858082215
Stan: Fabrycznie nowy, w oryginalnym, nienaruszonym pudełku producenta. 

Paski rozrządu marki ContiTech to komponenty najwyższej klasy premium, produkowane z zaawansowanych mieszanek syntetycznego kauczuku wzmacnianego włóknem szklanym. Gwarantują maksymalną odporność na zerwanie, rozciąganie oraz działanie skrajnych temperatur, zapewniając w pełni bezpieczną i zsynchronizowaną pracę układu rozrządu. 

Zastosowanie:
Pasek dedykowany do japońskich modeli samochodów wyposażonych głównie w silniki benzynowe o pojemności 2.4 litra (m.in. jednostki 2.4 GDI): 

* MITSUBISHI (modele: Galant VI, Space Runner, Space Wagon)",https://parts.dcplatforms.pl/ogloszenie/b03e6f39-f30d-4eeb-a672-a67d7bbe682e/01.jpg,https://parts.dcplatforms.pl/ogloszenie/b03e6f39-f30d-4eeb-a672-a67d7bbe682e/02.jpg,https://parts.dcplatforms.pl/ogloszenie/b03e6f39-f30d-4eeb-a672-a67d7bbe682e/03.jpg,,,,,,,,,,,,,,,Motoryzacja / Części samochodowe / Osobowe,,,,
,a68ba40a-2781-404b-91e6-97fffab356d0,Pasek rozrządu ContiTech CT1071 154 Z MITSUBISHI – NOWY,1,91,,"Na sprzedaż oferuję fabrycznie nowy, oryginalny pasek rozrządu renomowanej niemieckiej marki ContiTech (grupa Continental). 

Oznaczenie katalogowe: CT1071
Parametry: 154 Z (liczba zębów: 154, szerokość: 29 mm)
Kod EAN: 4010858082215
Stan: Fabrycznie nowy, w oryginalnym, nienaruszonym pudełku producenta. 

Paski rozrządu marki ContiTech to komponenty najwyższej klasy premium, produkowane z zaawansowanych mieszanek syntetycznego kauczuku wzmacnianego włóknem szklanym. Gwarantują maksymalną odporność na zerwanie, rozciąganie oraz działanie skrajnych temperatur, zapewniając w pełni bezpieczną i zsynchronizowaną pracę układu rozrządu. 

Zastosowanie:
Pasek dedykowany do japońskich modeli samochodów wyposażonych głównie w silniki benzynowe o pojemności 2.4 litra (m.in. jednostki 2.4 GDI): 

* MITSUBISHI (modele: Galant VI, Space Runner, Space Wagon)",https://parts.dcplatforms.pl/ogloszenie/6048584a-c619-4636-86d8-bceacd81afe8/01.jpg,https://parts.dcplatforms.pl/ogloszenie/6048584a-c619-4636-86d8-bceacd81afe8/02.jpg,https://parts.dcplatforms.pl/ogloszenie/6048584a-c619-4636-86d8-bceacd81afe8/03.jpg,,,,,,,,,,,,,,,Motoryzacja / Części samochodowe / Osobowe,,,,
,981eb7d2-6984-428d-90bf-7dcff8dce90c,Zestaw filtr powietrza + kabinowy Maxgear AF-9756 KF-6383 BMW – NOWY,1,41,,"Na sprzedaż oferuję fabrycznie nowy, oryginalny zestaw filtrów serwisowych (filtr powietrza oraz komplet filtrów kabinowych) znanej marki Maxgear. 

W skład sprzedawanego zestawu wchodzą: 

1. Filtr powietrza Maxgear AF-9756 (numer artykułu: 26-0052, cross-reference: Mann C3087, Knecht LX1282, Filtron AP130/3)
2. Filtr kabinowy Maxgear KF-6383 KPL (numer artykułu: 26-1041, komplet 2 sztuk w opakowaniu, cross-reference: Mann CU2301-2, Filtron K1282-2X)

Stan: Fabrycznie nowy, filtry w oryginalnych, nienaruszonych kartonach, fabrycznie spięte w komplet. 

Zestaw filtrów Maxgear zapewnia doskonałe oczyszczanie powietrza dolotowego do silnika oraz idealnie czyste powietrze wewnątrz kabiny pasażerskiej. Filtry kabinowe skutecznie zatrzymują kurz i pyłki, chroniąc zdrowie pasażerów, natomiast filtr powietrza chroni elementy silnika przed mechanicznym zużyciem. 

Zastosowanie:
Zestaw dedykowany do popularnych modeli samochodów segmentu premium (głównie wersje silnikowe 1.6, 2.0 Benzyna oraz Diesel, m.in. silniki N20, B47, N47N): 

* BMW (modele: Seria 1 F20 / F21, Seria 2 F22 / F23 / F87, Seria 3 F30 / F31 / F34 / F80, Seria 4 F32 / F33 / F36 / F82)",https://parts.dcplatforms.pl/ogloszenie/ef96ff01-784e-4e6d-9e58-b5769eed7654/01.jpg,https://parts.dcplatforms.pl/ogloszenie/ef96ff01-784e-4e6d-9e58-b5769eed7654/02.jpg,https://parts.dcplatforms.pl/ogloszenie/ef96ff01-784e-4e6d-9e58-b5769eed7654/03.jpg,https://parts.dcplatforms.pl/ogloszenie/ef96ff01-784e-4e6d-9e58-b5769eed7654/04.jpg,https://parts.dcplatforms.pl/ogloszenie/ef96ff01-784e-4e6d-9e58-b5769eed7654/05.jpg,https://parts.dcplatforms.pl/ogloszenie/ef96ff01-784e-4e6d-9e58-b5769eed7654/06.jpg,https://parts.dcplatforms.pl/ogloszenie/ef96ff01-784e-4e6d-9e58-b5769eed7654/07.jpg,https://parts.dcplatforms.pl/ogloszenie/ef96ff01-784e-4e6d-9e58-b5769eed7654/08.jpg,https://parts.dcplatforms.pl/ogloszenie/ef96ff01-784e-4e6d-9e58-b5769eed7654/09.jpg,,,,,,,,,Motoryzacja / Części samochodowe / Osobowe,,,,
,427dad6a-ae57-4786-9ffa-d4c74e1edd3a,Filtr kabinowy Herth+Buss Jakoparts J1347006 przeciwpyłkowy SUBARU – NOWY,1,33,,,https://parts.dcplatforms.pl/ogloszenie/7682335d-0a65-4990-8bf6-07909bce64f8/01.jpg,https://parts.dcplatforms.pl/ogloszenie/7682335d-0a65-4990-8bf6-07909bce64f8/02.jpg,,,,,,,,,,,,,,,,Motoryzacja / Części samochodowe / Osobowe,,,,
,0a827035-b812-4fda-9439-bba73915f5d4,Filtr powietrza Herth+Buss Jakoparts J1327018 wkład filtra SUBARU TOYOTA – NOWY,1,36,,,https://parts.dcplatforms.pl/ogloszenie/576ae289-8c2e-4e62-a959-b2401ceed784/01.jpg,https://parts.dcplatforms.pl/ogloszenie/576ae289-8c2e-4e62-a959-b2401ceed784/02.jpg,,,,,,,,,,,,,,,,Motoryzacja / Części samochodowe / Osobowe,,,,
,b6a6bb71-d641-4953-9897-258cd247bd58,Filtr kabinowy Purro PUR-PC3018C-2 węglowy komplet 2 szt. BMW – NOWY,1,25,,,https://parts.dcplatforms.pl/ogloszenie/5fd13f8f-9834-48e9-bf7e-70198161a604/01.jpg,https://parts.dcplatforms.pl/ogloszenie/5fd13f8f-9834-48e9-bf7e-70198161a604/02.jpg,https://parts.dcplatforms.pl/ogloszenie/5fd13f8f-9834-48e9-bf7e-70198161a604/03.jpg,,,,,,,,,,,,,,,Motoryzacja / Części samochodowe / Osobowe,,,,
,a84cf6c4-64b3-4610-a3d3-74488b8c7ce6,Filtr kabinowy Filtron K 1318A węglowy AUDI – NOWY,1,68,,,https://parts.dcplatforms.pl/ogloszenie/529f0888-f73c-45d3-a49e-7bac44165e3f/01.jpg,https://parts.dcplatforms.pl/ogloszenie/529f0888-f73c-45d3-a49e-7bac44165e3f/02.jpg,https://parts.dcplatforms.pl/ogloszenie/529f0888-f73c-45d3-a49e-7bac44165e3f/03.jpg,,,,,,,,,,,,,,,Motoryzacja / Części samochodowe / Osobowe,,,,
,365c165f-5f9a-4ac0-940f-d334df09f3c8,Filtr kabinowy Maxgear KF-6291 26-0467 przeciwpyłkowy HONDA – NOWY,1,16,,,https://parts.dcplatforms.pl/ogloszenie/c7b51b0e-0b97-44a2-b81f-1497a568ab10/01.jpg,https://parts.dcplatforms.pl/ogloszenie/c7b51b0e-0b97-44a2-b81f-1497a568ab10/02.jpg,https://parts.dcplatforms.pl/ogloszenie/c7b51b0e-0b97-44a2-b81f-1497a568ab10/03.jpg,,,,,,,,,,,,,,,Motoryzacja / Części samochodowe / Osobowe,,,,
,84e8610b-eba2-48a6-bcb6-01344fc3cf1b,Zestaw uszczelek pokrywy zaworów góry silnika BGA HN4368 FORD – NOWY,1,110,,,https://parts.dcplatforms.pl/ogloszenie/64eebf85-e431-477e-8979-c093ed768a09/01.jpg,https://parts.dcplatforms.pl/ogloszenie/64eebf85-e431-477e-8979-c093ed768a09/02.jpg,,,,,,,,,,,,,,,,Motoryzacja / Części samochodowe / Osobowe,,,,
,99bde9eb-bda6-4752-8f86-f2a7ced2d7a0,Zestaw uszczelek pokrywy zaworów Elring 457.040 NISSAN – NOWY,1,46,,,https://parts.dcplatforms.pl/ogloszenie/143207c8-80d1-4fd0-b749-ac0c1e2f263f/01.jpg,https://parts.dcplatforms.pl/ogloszenie/143207c8-80d1-4fd0-b749-ac0c1e2f263f/02.jpg,https://parts.dcplatforms.pl/ogloszenie/143207c8-80d1-4fd0-b749-ac0c1e2f263f/03.jpg,,,,,,,,,,,,,,,Motoryzacja / Części samochodowe / Osobowe,,,,
,558a79c8-5e3e-453d-928a-3b2ff5729783,Filtr kabinowy Knecht LAK 485 węglowy MITSUBISHI – NOWY,1,51,,,https://parts.dcplatforms.pl/ogloszenie/ff1cff49-d71e-453c-9ef3-f5f55b1bf998/01.jpg,https://parts.dcplatforms.pl/ogloszenie/ff1cff49-d71e-453c-9ef3-f5f55b1bf998/02.jpg,https://parts.dcplatforms.pl/ogloszenie/ff1cff49-d71e-453c-9ef3-f5f55b1bf998/03.jpg,,,,,,,,,,,,,,,Motoryzacja / Części samochodowe / Osobowe,,,,
,3f7ae89d-1d59-4240-8b4e-b8dd9922c41b,Filtr powietrza Knecht LX 773 wkład filtra RENAULT NISSAN DACIA OPEL – NOWY,1,28,,,https://parts.dcplatforms.pl/ogloszenie/03b5c8f8-8564-4b40-b904-ee3e0fd4fc1a/01.jpg,https://parts.dcplatforms.pl/ogloszenie/03b5c8f8-8564-4b40-b904-ee3e0fd4fc1a/02.jpg,https://parts.dcplatforms.pl/ogloszenie/03b5c8f8-8564-4b40-b904-ee3e0fd4fc1a/03.jpg,,,,,,,,,,,,,,,Motoryzacja / Części samochodowe / Osobowe,,,,
,ba7995a3-8328-4966-8dc7-7023a2a6a1c6,Filtr powietrza JC Premium B2C021PR wkład filtra CITROEN PEUGEOT FIAT – NOWY,1,16,,,https://parts.dcplatforms.pl/ogloszenie/59c050a1-ec8c-4aee-a30a-75942ebc2c00/01.jpg,https://parts.dcplatforms.pl/ogloszenie/59c050a1-ec8c-4aee-a30a-75942ebc2c00/02.jpg,https://parts.dcplatforms.pl/ogloszenie/59c050a1-ec8c-4aee-a30a-75942ebc2c00/03.jpg,,,,,,,,,,,,,,,Motoryzacja / Części samochodowe / Osobowe,,,,
,d19d7ab5-e04f-4400-a740-ac9b90b92495,Filtr powietrza Knecht LX 2694 wkład filtra MITSUBISHI CITROEN PEUGEOT – NOWY,1,92,,,https://parts.dcplatforms.pl/ogloszenie/7cee261f-b524-44c6-b67f-6b8fb5cb71c4/01.jpg,https://parts.dcplatforms.pl/ogloszenie/7cee261f-b524-44c6-b67f-6b8fb5cb71c4/02.jpg,https://parts.dcplatforms.pl/ogloszenie/7cee261f-b524-44c6-b67f-6b8fb5cb71c4/03.jpg,https://parts.dcplatforms.pl/ogloszenie/7cee261f-b524-44c6-b67f-6b8fb5cb71c4/04.jpg,,,,,,,,,,,,,,Motoryzacja / Części samochodowe / Osobowe,,,,
,ecc18717-8ccd-4900-990f-4cd2e8458c90,Filtr powietrza Knecht LX 1981 wkład filtra HYUNDAI KIA – NOWY,1,32,,,https://parts.dcplatforms.pl/ogloszenie/e9bb97c0-069f-4b63-a979-bad909c37d62/01.jpg,https://parts.dcplatforms.pl/ogloszenie/e9bb97c0-069f-4b63-a979-bad909c37d62/02.jpg,https://parts.dcplatforms.pl/ogloszenie/e9bb97c0-069f-4b63-a979-bad909c37d62/03.jpg,https://parts.dcplatforms.pl/ogloszenie/e9bb97c0-069f-4b63-a979-bad909c37d62/04.jpg,,,,,,,,,,,,,,Motoryzacja / Części samochodowe / Osobowe,,,,
,f57dc7ff-c408-4538-bc70-8a745707f52a,Filtr kabinowy Knecht LAK 136 węglowy RENAULT – NOWY,1,44,,,https://parts.dcplatforms.pl/ogloszenie/f2927402-bbee-4315-87fa-b4fd8d2a3e79/01.jpg,https://parts.dcplatforms.pl/ogloszenie/f2927402-bbee-4315-87fa-b4fd8d2a3e79/02.jpg,https://parts.dcplatforms.pl/ogloszenie/f2927402-bbee-4315-87fa-b4fd8d2a3e79/03.jpg,,,,,,,,,,,,,,,Motoryzacja / Części samochodowe / Osobowe,,,,
,299775fd-8550-4bdf-b163-815b2144c824,Filtr powietrza Knecht LX 1076 wkład filtra HONDA MITSUBISHI – NOWY,1,34,,,https://parts.dcplatforms.pl/ogloszenie/fdbdee15-0f49-4e61-8bc5-cfe9218c5231/01.jpg,https://parts.dcplatforms.pl/ogloszenie/fdbdee15-0f49-4e61-8bc5-cfe9218c5231/02.jpg,https://parts.dcplatforms.pl/ogloszenie/fdbdee15-0f49-4e61-8bc5-cfe9218c5231/03.jpg,,,,,,,,,,,,,,,Motoryzacja / Części samochodowe / Osobowe,,,,
,199bee04-7939-4b7b-8ffb-efe9134ec453,Filtr kabinowy Bosch M 2102 przeciwpyłkowy MERCEDES-BENZ – NOWY,1,39,,,https://parts.dcplatforms.pl/ogloszenie/16014792-d26e-49c9-b92e-f2e9b6414021/01.jpg,https://parts.dcplatforms.pl/ogloszenie/16014792-d26e-49c9-b92e-f2e9b6414021/02.jpg,https://parts.dcplatforms.pl/ogloszenie/16014792-d26e-49c9-b92e-f2e9b6414021/03.jpg,,,,,,,,,,,,,,,Motoryzacja / Części samochodowe / Osobowe,,,,
,98133bf1-3820-492d-93bf-abddd3822976,Filtr kabinowy Filtron K 1317 przeciwpyłkowy NISSAN – NOWY,1,29,,,https://parts.dcplatforms.pl/ogloszenie/3d1555c4-2869-434e-adcc-b633ae26a930/01.jpg,https://parts.dcplatforms.pl/ogloszenie/3d1555c4-2869-434e-adcc-b633ae26a930/02.jpg,https://parts.dcplatforms.pl/ogloszenie/3d1555c4-2869-434e-adcc-b633ae26a930/03.jpg,,,,,,,,,,,,,,,Motoryzacja / Części samochodowe / Osobowe,,,,
,558b0211-65eb-41d8-abd6-a9e38191114f,Filtr kabinowy Knecht LA 345 przeciwpyłkowy SUBARU – NOWY,1,32,,,https://parts.dcplatforms.pl/ogloszenie/d0c6e74e-b728-49ce-81dd-191d0d702da9/01.jpg,https://parts.dcplatforms.pl/ogloszenie/d0c6e74e-b728-49ce-81dd-191d0d702da9/02.jpg,,,,,,,,,,,,,,,,Motoryzacja / Części samochodowe / Osobowe,,,,
,2783aada-9667-4326-a324-97ba14a25fe4,Filtr oleju Bosch P 7327 wkład filtra AUDI VW SKODA SEAT – NOWY,1,22,,,https://parts.dcplatforms.pl/ogloszenie/fe9d8638-b674-47c3-99cb-0dd537c11a3e/01.jpg,https://parts.dcplatforms.pl/ogloszenie/fe9d8638-b674-47c3-99cb-0dd537c11a3e/02.jpg,https://parts.dcplatforms.pl/ogloszenie/fe9d8638-b674-47c3-99cb-0dd537c11a3e/03.jpg,https://parts.dcplatforms.pl/ogloszenie/fe9d8638-b674-47c3-99cb-0dd537c11a3e/04.jpg,,,,,,,,,,,,,,Motoryzacja / Części samochodowe / Osobowe,,,,
,be4a372f-7098-4f79-8c89-202ce9dbb1bb,Filtr oleju Bosch P 7238 wkład filtra MERCEDES-BENZ – NOWY,1,55,,,https://parts.dcplatforms.pl/ogloszenie/ce18a69c-e99e-4daf-a6d5-74b60c11f817/01.jpg,https://parts.dcplatforms.pl/ogloszenie/ce18a69c-e99e-4daf-a6d5-74b60c11f817/02.jpg,https://parts.dcplatforms.pl/ogloszenie/ce18a69c-e99e-4daf-a6d5-74b60c11f817/03.jpg,https://parts.dcplatforms.pl/ogloszenie/ce18a69c-e99e-4daf-a6d5-74b60c11f817/04.jpg,https://parts.dcplatforms.pl/ogloszenie/ce18a69c-e99e-4daf-a6d5-74b60c11f817/05.jpg,,,,,,,,,,,,,Motoryzacja / Części samochodowe / Osobowe,,,,
,7273a4fd-6e60-4cf1-9ce2-b16b22ce4a8d,Uszczelka wydechu rury wylotowej VAG AUDI VW – NOWA ORYGINAŁ,1,42,,,https://parts.dcplatforms.pl/ogloszenie/115697b2-e4ba-4242-868c-f4771018684f/01.jpg,https://parts.dcplatforms.pl/ogloszenie/115697b2-e4ba-4242-868c-f4771018684f/02.jpg,,,,,,,,,,,,,,,,Motoryzacja / Części samochodowe / Osobowe,,,,
,ccece328-0773-47be-aefb-3c2da646f925,Filtr oleju Bosch P 7158 wkład filtra BMW – NOWY,1,35,,,https://parts.dcplatforms.pl/ogloszenie/204313fc-00b3-4b39-ac04-e41fc599ec86/01.jpg,https://parts.dcplatforms.pl/ogloszenie/204313fc-00b3-4b39-ac04-e41fc599ec86/02.jpg,https://parts.dcplatforms.pl/ogloszenie/204313fc-00b3-4b39-ac04-e41fc599ec86/03.jpg,https://parts.dcplatforms.pl/ogloszenie/204313fc-00b3-4b39-ac04-e41fc599ec86/04.jpg,,,,,,,,,,,,,,Motoryzacja / Części samochodowe / Osobowe,,,,
,7186c1df-0ded-4be1-9a2e-9aabbbcefc9f,Świece zapłonowe NGK LFR4AP-11 5613 Laser Platinum NISSAN RENAULT – NOWE,1,75,,,https://parts.dcplatforms.pl/ogloszenie/8a3fb750-14e1-46fd-9492-38ed5dabbd24/01.jpg,,,,,,,,,,,,,,,,,Motoryzacja / Części samochodowe / Osobowe,,,,
,b395174b-c7c0-4f7e-8df8-9fbf5ab3fdf1,Filtr oleju Bosch P 7068 wkład filtra HONDA – NOWY,1,28,,,https://parts.dcplatforms.pl/ogloszenie/ff23cefb-bc02-4999-926f-819798544fcf/01.jpg,https://parts.dcplatforms.pl/ogloszenie/ff23cefb-bc02-4999-926f-819798544fcf/02.jpg,https://parts.dcplatforms.pl/ogloszenie/ff23cefb-bc02-4999-926f-819798544fcf/03.jpg,,,,,,,,,,,,,,,Motoryzacja / Części samochodowe / Osobowe,,,,
,e53a8497-717d-47e1-add3-973f8e1b225b,Filtr oleju Bosch P 7011 wkład filtra AUDI VW – NOWY,1,37,,,https://parts.dcplatforms.pl/ogloszenie/6b74ed1d-802a-42c7-9fea-ab047f187622/01.jpg,https://parts.dcplatforms.pl/ogloszenie/6b74ed1d-802a-42c7-9fea-ab047f187622/02.jpg,https://parts.dcplatforms.pl/ogloszenie/6b74ed1d-802a-42c7-9fea-ab047f187622/03.jpg,,,,,,,,,,,,,,,Motoryzacja / Części samochodowe / Osobowe,,,,
,2a1ff82b-1bd9-421f-84ef-a2c1a0a4633b,Drążek kierowniczy REINHOCH RH02-6016 (Jeep / Dodge) – NOWY,1,27,,,https://parts.dcplatforms.pl/ogloszenie/071716f7-8818-41fe-913c-2305aef74452/01.jpg,https://parts.dcplatforms.pl/ogloszenie/071716f7-8818-41fe-913c-2305aef74452/02.jpg,https://parts.dcplatforms.pl/ogloszenie/071716f7-8818-41fe-913c-2305aef74452/03.jpg,https://parts.dcplatforms.pl/ogloszenie/071716f7-8818-41fe-913c-2305aef74452/04.jpg,https://parts.dcplatforms.pl/ogloszenie/071716f7-8818-41fe-913c-2305aef74452/05.jpg,,,,,,,,,,,,,Motoryzacja / Części samochodowe / Osobowe,,,,
,8650a5e6-bb95-4a00-90bc-da0a5cbaa782,Świece zapłonowe NGK PZFR6R 5758 Laser Platinum – Komplet 4 szt. NOWE,1,80,,,https://parts.dcplatforms.pl/ogloszenie/29a8bc29-651d-4a5b-8fd5-683b72936b49/01.jpg,https://parts.dcplatforms.pl/ogloszenie/29a8bc29-651d-4a5b-8fd5-683b72936b49/02.jpg,https://parts.dcplatforms.pl/ogloszenie/29a8bc29-651d-4a5b-8fd5-683b72936b49/03.jpg,https://parts.dcplatforms.pl/ogloszenie/29a8bc29-651d-4a5b-8fd5-683b72936b49/04.jpg,,,,,,,,,,,,,,Motoryzacja / Części samochodowe / Osobowe,,,,
,7e2b1d3e-9179-4f19-a29e-4b6a490b9af2,Drążek kierowniczy TRW JAR597 (JEEP Grand Cherokee IV / DODGE Durango) – Nowy!,1,42,,,https://parts.dcplatforms.pl/ogloszenie/e20da3bc-ae80-4c93-8ff5-112cbbd4a7ad/01.jpg,https://parts.dcplatforms.pl/ogloszenie/e20da3bc-ae80-4c93-8ff5-112cbbd4a7ad/02.jpg,,,,,,,,,,,,,,,,Motoryzacja / Części samochodowe / Osobowe,,,,
,094789c8-2601-449f-afdf-d6e4f5537cdf,Drążek kierowniczy 555 SR-B210 MITSUBISHI Lancer VIII / EVO X - NOWY ORYGINAŁ!,1,72,,,https://parts.dcplatforms.pl/ogloszenie/678f376f-bcd1-4e73-82ef-3878fe1438e2/01.jpg,https://parts.dcplatforms.pl/ogloszenie/678f376f-bcd1-4e73-82ef-3878fe1438e2/02.jpg,https://parts.dcplatforms.pl/ogloszenie/678f376f-bcd1-4e73-82ef-3878fe1438e2/03.jpg,https://parts.dcplatforms.pl/ogloszenie/678f376f-bcd1-4e73-82ef-3878fe1438e2/04.jpg,https://parts.dcplatforms.pl/ogloszenie/678f376f-bcd1-4e73-82ef-3878fe1438e2/05.jpg,,,,,,,,,,,,,Motoryzacja / Części samochodowe / Osobowe,,,,
,01ecea4d-f85d-459b-bef3-88ee750d2fc7,Drążek kierowniczy osiowy MEYLE 34-16 031 0004 SUBARU Forester - Nowy,1,45,,,https://parts.dcplatforms.pl/ogloszenie/29117c35-1ca1-4304-9869-e5278351863e/01.jpg,https://parts.dcplatforms.pl/ogloszenie/29117c35-1ca1-4304-9869-e5278351863e/02.jpg,https://parts.dcplatforms.pl/ogloszenie/29117c35-1ca1-4304-9869-e5278351863e/03.jpg,https://parts.dcplatforms.pl/ogloszenie/29117c35-1ca1-4304-9869-e5278351863e/04.jpg,https://parts.dcplatforms.pl/ogloszenie/29117c35-1ca1-4304-9869-e5278351863e/05.jpg,,,,,,,,,,,,,Motoryzacja / Części samochodowe / Osobowe,,,,
,cb244813-76b2-4dfa-87fb-a7ed8eab8edd,Panewki korbowodowe King Racing CR4120XP 0.25 Mitsubishi Lancer Evo 4-9,1,175,,,https://parts.dcplatforms.pl/ogloszenie/1a53a448-bb32-4a54-b97a-3cf07184b56d/01.jpg,https://parts.dcplatforms.pl/ogloszenie/1a53a448-bb32-4a54-b97a-3cf07184b56d/02.jpg,https://parts.dcplatforms.pl/ogloszenie/1a53a448-bb32-4a54-b97a-3cf07184b56d/03.jpg,https://parts.dcplatforms.pl/ogloszenie/1a53a448-bb32-4a54-b97a-3cf07184b56d/04.jpg,https://parts.dcplatforms.pl/ogloszenie/1a53a448-bb32-4a54-b97a-3cf07184b56d/05.jpg,https://parts.dcplatforms.pl/ogloszenie/1a53a448-bb32-4a54-b97a-3cf07184b56d/06.jpg,,,,,,,,,,,,Motoryzacja / Części samochodowe / Osobowe,,,,
,39e693cd-4541-400f-aa21-d084fc525146,Piasta łożysko koła tył STARLINE LO 27441 Honda CR-V III - Nowe,1,135,,,https://parts.dcplatforms.pl/ogloszenie/dc8f1eea-faf8-4bf0-a7f1-9ca2cb48c0b5/01.jpg,https://parts.dcplatforms.pl/ogloszenie/dc8f1eea-faf8-4bf0-a7f1-9ca2cb48c0b5/02.jpg,https://parts.dcplatforms.pl/ogloszenie/dc8f1eea-faf8-4bf0-a7f1-9ca2cb48c0b5/03.jpg,https://parts.dcplatforms.pl/ogloszenie/dc8f1eea-faf8-4bf0-a7f1-9ca2cb48c0b5/04.jpg,https://parts.dcplatforms.pl/ogloszenie/dc8f1eea-faf8-4bf0-a7f1-9ca2cb48c0b5/05.jpg,,,,,,,,,,,,,Motoryzacja / Części samochodowe / Osobowe,,,,
,f24208b0-08f1-43de-9a54-8b39cc75d5ef,Pompa wody INA 538 0089 10 Audi VW Seat Skoda 1.9 2.0 TDI - Nowa,1,91,,,https://parts.dcplatforms.pl/ogloszenie/d94a526d-c7f6-4362-a2bd-d98159a5a543/01.jpg,https://parts.dcplatforms.pl/ogloszenie/d94a526d-c7f6-4362-a2bd-d98159a5a543/02.jpg,https://parts.dcplatforms.pl/ogloszenie/d94a526d-c7f6-4362-a2bd-d98159a5a543/03.jpg,https://parts.dcplatforms.pl/ogloszenie/d94a526d-c7f6-4362-a2bd-d98159a5a543/04.jpg,https://parts.dcplatforms.pl/ogloszenie/d94a526d-c7f6-4362-a2bd-d98159a5a543/05.jpg,https://parts.dcplatforms.pl/ogloszenie/d94a526d-c7f6-4362-a2bd-d98159a5a543/06.jpg,,,,,,,,,,,,Motoryzacja / Części samochodowe / Osobowe,,,,
,24abccaa-b15a-4c28-b6b3-54c919b35bb9,Łącznik stabilizatora tył TRW JTS7606 Subaru Forester Impreza WRX - Nowy,1,45,,,https://parts.dcplatforms.pl/ogloszenie/ad304641-e7fe-40d2-88ed-a13ca41faf83/01.jpg,https://parts.dcplatforms.pl/ogloszenie/ad304641-e7fe-40d2-88ed-a13ca41faf83/02.jpg,https://parts.dcplatforms.pl/ogloszenie/ad304641-e7fe-40d2-88ed-a13ca41faf83/03.jpg,https://parts.dcplatforms.pl/ogloszenie/ad304641-e7fe-40d2-88ed-a13ca41faf83/04.jpg,,,,,,,,,,,,,,Motoryzacja / Części samochodowe / Osobowe,,,,
,79754373-82c9-4c73-b6de-87ccb7032909,Panewki wału korbowego główne ACL Race STD MITSUBISHI Lancer Evo 4-9 4G63 Eclipse,1,240,,,https://parts.dcplatforms.pl/ogloszenie/7c639657-793a-485d-b7a7-9f9bb5589b13/01.jpg,https://parts.dcplatforms.pl/ogloszenie/7c639657-793a-485d-b7a7-9f9bb5589b13/02.jpg,https://parts.dcplatforms.pl/ogloszenie/7c639657-793a-485d-b7a7-9f9bb5589b13/03.jpg,https://parts.dcplatforms.pl/ogloszenie/7c639657-793a-485d-b7a7-9f9bb5589b13/04.jpg,https://parts.dcplatforms.pl/ogloszenie/7c639657-793a-485d-b7a7-9f9bb5589b13/05.jpg,,,,,,,,,,,,,Motoryzacja / Części samochodowe / Osobowe,,,,
,5b1aa4a8-0c11-43c2-a250-a177813a27db,Łożysko koła przód SKF VKBA 3272 NISSAN Micra K11 Almera N16 - Nowe,1,80,,,https://parts.dcplatforms.pl/ogloszenie/4cd4de25-01e9-49a5-9d6c-180b95e71559/01.jpg,https://parts.dcplatforms.pl/ogloszenie/4cd4de25-01e9-49a5-9d6c-180b95e71559/02.jpg,https://parts.dcplatforms.pl/ogloszenie/4cd4de25-01e9-49a5-9d6c-180b95e71559/03.jpg,https://parts.dcplatforms.pl/ogloszenie/4cd4de25-01e9-49a5-9d6c-180b95e71559/04.jpg,,,,,,,,,,,,,,Motoryzacja / Części samochodowe / Osobowe,,,,
,9c6d6b0d-0799-42e7-b10f-949d140c9a55,Filtr powietrza Maxgear AF-8660 / 26-1287 HONDA Civic IX - Nowy,1,22,,,https://parts.dcplatforms.pl/ogloszenie/cedee75c-2701-47e3-9af5-05f5fb41a463/01.jpg,https://parts.dcplatforms.pl/ogloszenie/cedee75c-2701-47e3-9af5-05f5fb41a463/02.jpg,https://parts.dcplatforms.pl/ogloszenie/cedee75c-2701-47e3-9af5-05f5fb41a463/03.jpg,https://parts.dcplatforms.pl/ogloszenie/cedee75c-2701-47e3-9af5-05f5fb41a463/04.jpg,,,,,,,,,,,,,,Motoryzacja / Części samochodowe / Osobowe,,,,
,fde141c2-615e-4f2e-bab2-1f37c1604bbe,Filtr Powietrza MAHLE KNECHT LX 3320 BMW 1 2 3 4 F20 F30 F32,1,60,,,https://parts.dcplatforms.pl/ogloszenie/b30e889b-2f68-43f0-81ae-88cbb44aaa37/01.jpg,https://parts.dcplatforms.pl/ogloszenie/b30e889b-2f68-43f0-81ae-88cbb44aaa37/02.jpg,https://parts.dcplatforms.pl/ogloszenie/b30e889b-2f68-43f0-81ae-88cbb44aaa37/03.jpg,https://parts.dcplatforms.pl/ogloszenie/b30e889b-2f68-43f0-81ae-88cbb44aaa37/04.jpg,,,,,,,,,,,,,,Motoryzacja / Części samochodowe / Osobowe,,,,
,327a6851-f60e-44f3-8d60-61067edcdcd5,Antyalergiczny Filtr Kabinowy MANN FP 26 010 Golf VII VII Octavia III Passat B8 NOWY,1,50,,,https://parts.dcplatforms.pl/ogloszenie/676950da-26fa-4d49-88b8-2c2334cf1989/01.jpg,https://parts.dcplatforms.pl/ogloszenie/676950da-26fa-4d49-88b8-2c2334cf1989/02.jpg,https://parts.dcplatforms.pl/ogloszenie/676950da-26fa-4d49-88b8-2c2334cf1989/03.jpg,https://parts.dcplatforms.pl/ogloszenie/676950da-26fa-4d49-88b8-2c2334cf1989/04.jpg,https://parts.dcplatforms.pl/ogloszenie/676950da-26fa-4d49-88b8-2c2334cf1989/05.jpg,,,,,,,,,,,,,Motoryzacja / Części samochodowe / Osobowe,,,,
,95da87bf-0a91-4090-9c30-60d4439b920c,Filtr Powietrza MAXGEAR AF-8722 TOYOTA Yaris III / Auris II Hybrid NOWY,1,17,,,https://parts.dcplatforms.pl/ogloszenie/66281ad9-a111-4ac0-967b-89fad634f32f/01.jpg,https://parts.dcplatforms.pl/ogloszenie/66281ad9-a111-4ac0-967b-89fad634f32f/02.jpg,https://parts.dcplatforms.pl/ogloszenie/66281ad9-a111-4ac0-967b-89fad634f32f/03.jpg,,,,,,,,,,,,,,,Motoryzacja / Części samochodowe / Osobowe,,,,
,7772ebbb-e0e7-4096-8ee8-9bd985783dd7,Pasek Klinowy Wielorowkowy CONTINENTAL 6PK1730 DODGE Journey / VW Crafter / MAN TGE,1,30,,,https://parts.dcplatforms.pl/ogloszenie/cf118c93-d2ff-4667-b304-a74106a88b10/01.jpg,https://parts.dcplatforms.pl/ogloszenie/cf118c93-d2ff-4667-b304-a74106a88b10/02.jpg,https://parts.dcplatforms.pl/ogloszenie/cf118c93-d2ff-4667-b304-a74106a88b10/03.jpg,https://parts.dcplatforms.pl/ogloszenie/cf118c93-d2ff-4667-b304-a74106a88b10/04.jpg,https://parts.dcplatforms.pl/ogloszenie/cf118c93-d2ff-4667-b304-a74106a88b10/05.jpg,,,,,,,,,,,,,Motoryzacja / Części samochodowe / Osobowe,,,,
,0f9f6204-725c-4a19-a324-032badb0e643,Pasek Klinowy Wielorowkowy DAYCO 6PK2625 FORD Mondeo Mk3 / Transit 2.0 TDCi,1,41,,,https://parts.dcplatforms.pl/ogloszenie/f0a1cff1-7f22-4fd0-b565-36a60ab5b106/01.jpg,https://parts.dcplatforms.pl/ogloszenie/f0a1cff1-7f22-4fd0-b565-36a60ab5b106/02.jpg,https://parts.dcplatforms.pl/ogloszenie/f0a1cff1-7f22-4fd0-b565-36a60ab5b106/03.jpg,https://parts.dcplatforms.pl/ogloszenie/f0a1cff1-7f22-4fd0-b565-36a60ab5b106/04.jpg,,,,,,,,,,,,,,Motoryzacja / Części samochodowe / Osobowe,,,,
,c5431b55-9669-4cf6-8758-9fa168d7aadf,Pasek Klinowy Wielorowkowy DAYCO 6PK1842 FORD Mondeo Mk4 2.0 TDCi / Alfa Romeo 147,1,30,,,https://parts.dcplatforms.pl/ogloszenie/99af0dc6-e366-4143-915d-7f2fa7aaf353/01.jpg,https://parts.dcplatforms.pl/ogloszenie/99af0dc6-e366-4143-915d-7f2fa7aaf353/02.jpg,,,,,,,,,,,,,,,,Motoryzacja / Części samochodowe / Osobowe,,,,
,ab246ed6-a5e4-4178-a87f-c6dde7f89631,Pasek klinowy Wielorowkowy DAYCO 7PK1750 HONDA Accord VII 2.0 2.4 / Master III 2.3,1,35,,,https://parts.dcplatforms.pl/ogloszenie/71991b61-0862-446c-8a16-eb93b287153e/01.jpg,https://parts.dcplatforms.pl/ogloszenie/71991b61-0862-446c-8a16-eb93b287153e/02.jpg,https://parts.dcplatforms.pl/ogloszenie/71991b61-0862-446c-8a16-eb93b287153e/03.jpg,https://parts.dcplatforms.pl/ogloszenie/71991b61-0862-446c-8a16-eb93b287153e/04.jpg,,,,,,,,,,,,,,Motoryzacja / Części samochodowe / Osobowe,,,,
,144b9810-e7ee-47fb-bc3e-a3f0fc977727,Pasek Wielorowkowy GATES 4PK1470 Daihatsu Sirion / Materia / Subaru Justy NOWY,1,20,,,https://parts.dcplatforms.pl/ogloszenie/5794296f-78b6-44eb-b2ea-e9e201fedcec/01.jpg,https://parts.dcplatforms.pl/ogloszenie/5794296f-78b6-44eb-b2ea-e9e201fedcec/02.jpg,https://parts.dcplatforms.pl/ogloszenie/5794296f-78b6-44eb-b2ea-e9e201fedcec/03.jpg,,,,,,,,,,,,,,,Motoryzacja / Części samochodowe / Osobowe,,,,
,e4529f9b-227a-4e0d-ac4a-e191b6b0b7dc,Fabrycznie NOWA Uszczelka Pokrywy Zaworów Elring 795.150 NISSAN Juke Qashqai DACIA Duster 1.6,1,25,,,https://parts.dcplatforms.pl/ogloszenie/ba9097d5-072c-4e26-924e-27f1843b4b37/01.jpg,https://parts.dcplatforms.pl/ogloszenie/ba9097d5-072c-4e26-924e-27f1843b4b37/02.jpg,https://parts.dcplatforms.pl/ogloszenie/ba9097d5-072c-4e26-924e-27f1843b4b37/03.jpg,https://parts.dcplatforms.pl/ogloszenie/ba9097d5-072c-4e26-924e-27f1843b4b37/04.jpg,,,,,,,,,,,,,,Motoryzacja / Części samochodowe / Osobowe,,,,
,ef905388-e33c-4e3f-afdd-e6f1850293db,Halogen Lampa Przeciwmgielna Lewa TYC / Polcar VW Polo IV Fox Seat Ibiza Leon Altea,1,50,,,https://parts.dcplatforms.pl/ogloszenie/666ebdd9-e10f-4a86-8139-0769353448b7/01.jpg,https://parts.dcplatforms.pl/ogloszenie/666ebdd9-e10f-4a86-8139-0769353448b7/02.jpg,https://parts.dcplatforms.pl/ogloszenie/666ebdd9-e10f-4a86-8139-0769353448b7/03.jpg,,,,,,,,,,,,,,,Motoryzacja / Części samochodowe / Osobowe,,,,
,b15c660e-2189-48de-98ee-962a27a0257f,Nowy Filtr Kabinowy BOSCH M5058 Mercedes Klasa C W205 / E W213 / GLC,1,25,,,https://parts.dcplatforms.pl/ogloszenie/06625d95-444e-4460-b7bb-6309bfd5e8b2/01.jpg,https://parts.dcplatforms.pl/ogloszenie/06625d95-444e-4460-b7bb-6309bfd5e8b2/02.jpg,,,,,,,,,,,,,,,,Motoryzacja / Części samochodowe / Osobowe,,,,
,bcf236a1-b99e-4b50-90ed-33b62ab6dbb8,Filtr Kabinowy BOSCH M5028 Ford Transit MK8 / Custom / Tourneo,1,25,,,https://parts.dcplatforms.pl/ogloszenie/4f0b84de-cd3d-4a6f-8890-759f1280994a/01.jpg,https://parts.dcplatforms.pl/ogloszenie/4f0b84de-cd3d-4a6f-8890-759f1280994a/02.jpg,,,,,,,,,,,,,,,,Motoryzacja / Części samochodowe / Osobowe,,,,
,2625985f-bc3f-4229-b542-d5cae4121f05,Filtr Kabinowy PURRO PUR-PC3041 Mercedes Klasa C W205 / E W213 / GLC NOWY,1,25,,,https://parts.dcplatforms.pl/ogloszenie/cbec5869-82a9-4a69-849f-18e27e2a61e3/01.jpg,https://parts.dcplatforms.pl/ogloszenie/cbec5869-82a9-4a69-849f-18e27e2a61e3/02.jpg,https://parts.dcplatforms.pl/ogloszenie/cbec5869-82a9-4a69-849f-18e27e2a61e3/03.jpg,,,,,,,,,,,,,,,Motoryzacja / Części samochodowe / Osobowe,,,,
,6545d484-f8eb-45a9-8999-e3f4caeb2f67,Drążek Kierowniczy Przód MEYLE 31-16 031 0024 HONDA Civic VII 01-05 Nowy,1,50,,,https://parts.dcplatforms.pl/ogloszenie/a18933b0-471f-4a2b-8152-e73064671627/01.jpg,https://parts.dcplatforms.pl/ogloszenie/a18933b0-471f-4a2b-8152-e73064671627/02.jpg,https://parts.dcplatforms.pl/ogloszenie/a18933b0-471f-4a2b-8152-e73064671627/03.jpg,https://parts.dcplatforms.pl/ogloszenie/a18933b0-471f-4a2b-8152-e73064671627/04.jpg,,,,,,,,,,,,,,Motoryzacja / Części samochodowe / Osobowe,,,,
,5c2344ab-343a-4d6f-897e-2089e5d80508,Nowy Oryginalny Przewód Chłodzenia Turbo Mercedes V8 M278 A2782000500,1,125,,,https://parts.dcplatforms.pl/ogloszenie/4a91c072-705f-4460-a273-c8db2aba5d24/01.jpg,https://parts.dcplatforms.pl/ogloszenie/4a91c072-705f-4460-a273-c8db2aba5d24/02.jpg,https://parts.dcplatforms.pl/ogloszenie/4a91c072-705f-4460-a273-c8db2aba5d24/03.jpg,,,,,,,,,,,,,,,Motoryzacja / Części samochodowe / Osobowe,,,,
,33b2f3bb-dff5-41dd-9944-44e58adf9639,Pasek Wieloklinowy BOSCH 7PK1637 / 1987948313 Nowy BMW E39 E53 HONDA Civic VIII,1,35,,,https://parts.dcplatforms.pl/ogloszenie/9e052e52-70d6-4073-b492-e62f514929a2/01.jpg,https://parts.dcplatforms.pl/ogloszenie/9e052e52-70d6-4073-b492-e62f514929a2/02.jpg,https://parts.dcplatforms.pl/ogloszenie/9e052e52-70d6-4073-b492-e62f514929a2/03.jpg,,,,,,,,,,,,,,,Motoryzacja / Części samochodowe / Osobowe,,,,
,81d8ac7d-0a2e-419a-b43c-ee4a296d76e9,Pasek Wieloklinowy Elastyczny 6PK868EE Nowy VW Crafter T6 MAN TGE 2.0 TDI,1,25,,,https://parts.dcplatforms.pl/ogloszenie/bfe0a302-3459-4f45-918f-f26fdff91dbe/01.jpg,https://parts.dcplatforms.pl/ogloszenie/bfe0a302-3459-4f45-918f-f26fdff91dbe/02.jpg,,,,,,,,,,,,,,,,Motoryzacja / Części samochodowe / Osobowe,,,,
,d3a0c81b-da56-40ec-ab2c-f02a698ea1db,Pasek Wieloklinowy Alternatora Dayco 7PK2061 Nowy Honda Civic CR-V,1,45,,,https://parts.dcplatforms.pl/ogloszenie/010bd596-4282-4481-874b-669cf3bbd9fc/01.jpg,https://parts.dcplatforms.pl/ogloszenie/010bd596-4282-4481-874b-669cf3bbd9fc/02.jpg,,,,,,,,,,,,,,,,Motoryzacja / Części samochodowe / Osobowe,,,,
,f98405a3-c657-4ae8-8f1c-8bda6a8e261f,Grill Atrapa Nerki BMW 5 G30 G31 Czarny Połysk M5 Look / M Pakiet,1,135,,,https://parts.dcplatforms.pl/ogloszenie/64ed3137-046c-4218-989a-2491648f1b50/01.jpg,https://parts.dcplatforms.pl/ogloszenie/64ed3137-046c-4218-989a-2491648f1b50/02.jpg,https://parts.dcplatforms.pl/ogloszenie/64ed3137-046c-4218-989a-2491648f1b50/03.jpg,https://parts.dcplatforms.pl/ogloszenie/64ed3137-046c-4218-989a-2491648f1b50/04.jpg,https://parts.dcplatforms.pl/ogloszenie/64ed3137-046c-4218-989a-2491648f1b50/05.jpg,,,,,,,,,,,,,Motoryzacja / Części samochodowe / Osobowe,,,,
,239804b3-2e65-4796-b972-1843e90a257c,Oryginalna Uszczelka Pod Głowicę SUBARU 11044AA770 Nowa OE EJ255 EJ257 WRX STI,1,125,,,https://parts.dcplatforms.pl/ogloszenie/a795b931-05a8-43ce-8dc1-090bd4543afe/01.jpg,https://parts.dcplatforms.pl/ogloszenie/a795b931-05a8-43ce-8dc1-090bd4543afe/02.jpg,,,,,,,,,,,,,,,,Motoryzacja / Części samochodowe / Osobowe,,,,
,188daca8-1bf3-4bc2-8eee-e7e3eab8c033,"Oryginalna Uszczelka SUBARU Corporation, rura wylotowa FA1 44022-AA150 Nowa OE Impreza Forester",1,25,,,https://parts.dcplatforms.pl/ogloszenie/7efb8734-981d-4228-a15f-4d23d9bcf3de/01.jpg,https://parts.dcplatforms.pl/ogloszenie/7efb8734-981d-4228-a15f-4d23d9bcf3de/02.jpg,,,,,,,,,,,,,,,,Motoryzacja / Części samochodowe / Osobowe,,,,
,757ba5f7-8c59-41c9-b9b0-a0a867b46e36,Grill Atrapa Nerki Lewa Prawa + Listwy Maski BMW 3 E90 E91 Przedlift 2005-2008,1,75,,,https://parts.dcplatforms.pl/ogloszenie/a992c63e-69f4-4523-b358-7c6ce28f7c29/01.jpg,https://parts.dcplatforms.pl/ogloszenie/a992c63e-69f4-4523-b358-7c6ce28f7c29/02.jpg,https://parts.dcplatforms.pl/ogloszenie/a992c63e-69f4-4523-b358-7c6ce28f7c29/03.jpg,,,,,,,,,,,,,,,Motoryzacja / Części samochodowe / Osobowe,,,,
,b6b16108-6176-4029-85db-a66168238d04,Klocki Hamulcowe Tył TRW GDB1841 Nowe VW GOLF VI PASSAT LEON II Octavia II,1,70,,,https://parts.dcplatforms.pl/ogloszenie/af0cae5c-05d3-4d6f-9b7b-c532b75a56af/01.jpg,https://parts.dcplatforms.pl/ogloszenie/af0cae5c-05d3-4d6f-9b7b-c532b75a56af/02.jpg,,,,,,,,,,,,,,,,Motoryzacja / Części samochodowe / Osobowe,,,,
,49915aac-8af6-41a6-a388-616336154239,Klocki Hamulcowe Przód TRW GDB1943 Nowe BMW 1 2 3 4 F20 F30 Brembo,1,110,,,https://parts.dcplatforms.pl/ogloszenie/acbe1206-da4b-4f2b-b5a3-ea28cdb43c13/01.jpg,https://parts.dcplatforms.pl/ogloszenie/acbe1206-da4b-4f2b-b5a3-ea28cdb43c13/02.jpg,https://parts.dcplatforms.pl/ogloszenie/acbe1206-da4b-4f2b-b5a3-ea28cdb43c13/03.jpg,https://parts.dcplatforms.pl/ogloszenie/acbe1206-da4b-4f2b-b5a3-ea28cdb43c13/04.jpg,,,,,,,,,,,,,,Motoryzacja / Części samochodowe / Osobowe,,,,
,4af4d5f9-4d60-4c53-9109-e2193f200dbd,Filtr Powietrza Bosch S 0343 / F 026 400 343 Nowy RENAULT DACIA NISSAN,1,25,,,https://parts.dcplatforms.pl/ogloszenie/72fd449f-185e-47bc-b145-1a73a8021e34/01.jpg,https://parts.dcplatforms.pl/ogloszenie/72fd449f-185e-47bc-b145-1a73a8021e34/02.jpg,https://parts.dcplatforms.pl/ogloszenie/72fd449f-185e-47bc-b145-1a73a8021e34/03.jpg,https://parts.dcplatforms.pl/ogloszenie/72fd449f-185e-47bc-b145-1a73a8021e34/04.jpg,,,,,,,,,,,,,,Motoryzacja / Części samochodowe / Osobowe,,,,
,ba8b4be8-67fb-4de9-91b8-ebb3fbb19e5c,Zestaw Filtra Skrzyni Automatycznej + Uszczelka Blue Print ADT32144 Nowy TOYOTA LEXUS MITSUBISHI FIAT,1,39,,,https://parts.dcplatforms.pl/ogloszenie/387aa5ca-f9ce-49fb-aed8-aaf726dfca80/01.jpg,https://parts.dcplatforms.pl/ogloszenie/387aa5ca-f9ce-49fb-aed8-aaf726dfca80/02.jpg,https://parts.dcplatforms.pl/ogloszenie/387aa5ca-f9ce-49fb-aed8-aaf726dfca80/03.jpg,https://parts.dcplatforms.pl/ogloszenie/387aa5ca-f9ce-49fb-aed8-aaf726dfca80/04.jpg,,,,,,,,,,,,,,Motoryzacja / Części samochodowe / Osobowe,,,,
,f2b1ff5b-be05-44e7-ba7b-d66d6b8a88f7,"Amortyzator Prawy Przedni KYB Excel-G [kod 3338060 GC03] – Oryginał, Nowy! CITROËN PEUGEOT",1,120,,,https://parts.dcplatforms.pl/ogloszenie/914a18cc-ffc1-4086-9805-26379d9cf6e6/01.jpg,https://parts.dcplatforms.pl/ogloszenie/914a18cc-ffc1-4086-9805-26379d9cf6e6/02.jpg,https://parts.dcplatforms.pl/ogloszenie/914a18cc-ffc1-4086-9805-26379d9cf6e6/03.jpg,https://parts.dcplatforms.pl/ogloszenie/914a18cc-ffc1-4086-9805-26379d9cf6e6/04.jpg,,,,,,,,,,,,,,Motoryzacja / Części samochodowe / Osobowe,,,,
,3cd9e373-a7ed-456c-86e8-80fc164e688a,Oryginalna Płyta Pośrednia / Metalowa Uszczelka elementu Skrzyni Automatycznej MERCEDES 7G-Tronic 722.9,1,110,,,https://parts.dcplatforms.pl/ogloszenie/95110d84-ec00-40e3-a5c4-9ef703dac66d/01.jpg,https://parts.dcplatforms.pl/ogloszenie/95110d84-ec00-40e3-a5c4-9ef703dac66d/02.jpg,https://parts.dcplatforms.pl/ogloszenie/95110d84-ec00-40e3-a5c4-9ef703dac66d/03.jpg,,,,,,,,,,,,,,,Motoryzacja / Części samochodowe / Osobowe,,,,
,e38aa829-ebcb-4e07-8cea-c58a03fcf41b,MAXGEAR 19-3261 Osłona/Tarcza kotwiczna tylnego lewego hamulca BMW Seria 3 Tył – lewa strona,1,35,,,https://parts.dcplatforms.pl/ogloszenie/a7af7244-c3d8-42b4-88a9-f28860d84901/01.jpg,https://parts.dcplatforms.pl/ogloszenie/a7af7244-c3d8-42b4-88a9-f28860d84901/02.jpg,,,,,,,,,,,,,,,,Motoryzacja / Części samochodowe / Osobowe,,,,
,eb7a3c0e-7fa3-4bcf-8c15-20853574fe59,MAXGEAR 19-3261 Osłona/Tarcza kotwiczna tylnego prawego hamulca BMW Seria 3 Tył – prawa strona,1,35,,,https://parts.dcplatforms.pl/ogloszenie/3f156e2f-94ae-4f4a-8294-39d171ea6399/01.jpg,https://parts.dcplatforms.pl/ogloszenie/3f156e2f-94ae-4f4a-8294-39d171ea6399/02.jpg,,,,,,,,,,,,,,,,Motoryzacja / Części samochodowe / Osobowe,,,,
,88ee56c1-a72b-4a99-91a4-28e3d974dd39,Świeca Zapłonowa 6 sztuk marki PORSCHE Bosch FR-6-DPP-332 PORSCHE 911 Turbo Cayenne,1,80,,,https://parts.dcplatforms.pl/ogloszenie/f225a08b-49a6-4abc-a246-6d9220212613/01.jpg,https://parts.dcplatforms.pl/ogloszenie/f225a08b-49a6-4abc-a246-6d9220212613/02.jpg,https://parts.dcplatforms.pl/ogloszenie/f225a08b-49a6-4abc-a246-6d9220212613/03.jpg,,,,,,,,,,,,,,,Motoryzacja / Części samochodowe / Osobowe,,,,
,522ced9f-f415-4256-ade7-4690dec9f662,Uchwyt wiązki przewodów elektrycznych silnika Mercedes Benz A6541599500,1,50,,,https://parts.dcplatforms.pl/ogloszenie/4a5195fa-61e2-4dc3-bb76-4c56a69b9b59/01.jpg,https://parts.dcplatforms.pl/ogloszenie/4a5195fa-61e2-4dc3-bb76-4c56a69b9b59/02.jpg,,,,,,,,,,,,,,,,Motoryzacja / Części samochodowe / Osobowe,,,,
,fd137c25-5108-4914-ab3d-94ab249de9cf,Toyota 52169-52110 Zaślepka dolna zderzaka oryginalna OEM TOYOTA GR Yaris GXPA16,1,75,,,https://parts.dcplatforms.pl/ogloszenie/f7764fa6-4ab6-4cbe-9d23-4b878f49dc0a/01.jpg,https://parts.dcplatforms.pl/ogloszenie/f7764fa6-4ab6-4cbe-9d23-4b878f49dc0a/02.jpg,,,,,,,,,,,,,,,,Motoryzacja / Części samochodowe / Osobowe,,,,
,072f7e9f-670e-412a-9934-d6cc1aa63071,Uszczelka kolektora ssącego 4B11T MITSUBISHI Lancer EVO 10 Ralliart - 1540A066,1,65,,,https://parts.dcplatforms.pl/ogloszenie/019217c3-b590-42fc-995d-b2d6415ca703/01.jpg,https://parts.dcplatforms.pl/ogloszenie/019217c3-b590-42fc-995d-b2d6415ca703/02.jpg,https://parts.dcplatforms.pl/ogloszenie/019217c3-b590-42fc-995d-b2d6415ca703/03.jpg,,,,,,,,,,,,,,,Motoryzacja / Części samochodowe / Osobowe,,,,
,2f8ed6df-17cf-49a2-a3f9-ea4f0eb9f110,Styk ostrzegawczy zużycia okładzin hamulcowych GIC352 TRW PORSCHE BOXSTER GTS CAYMAN,1,24,,,https://parts.dcplatforms.pl/ogloszenie/62216e05-01f0-402c-ab32-3512a365d74b/01.jpg,https://parts.dcplatforms.pl/ogloszenie/62216e05-01f0-402c-ab32-3512a365d74b/02.jpg,https://parts.dcplatforms.pl/ogloszenie/62216e05-01f0-402c-ab32-3512a365d74b/03.jpg,https://parts.dcplatforms.pl/ogloszenie/62216e05-01f0-402c-ab32-3512a365d74b/04.jpg,,,,,,,,,,,,,,Motoryzacja / Części samochodowe / Osobowe,,,,
,ae00c2c2-bb80-4256-9916-bbaeb10817ef,"Wskaźnik zużycia BOSCH 1987474552 BMW X5 (E70, F15, F85)  BMW X6 (E71, E72, F16, F86)",1,30,,,https://parts.dcplatforms.pl/ogloszenie/b8a24fd8-244c-4c07-8ea6-e830ee19a847/01.jpg,https://parts.dcplatforms.pl/ogloszenie/b8a24fd8-244c-4c07-8ea6-e830ee19a847/02.jpg,https://parts.dcplatforms.pl/ogloszenie/b8a24fd8-244c-4c07-8ea6-e830ee19a847/03.jpg,,,,,,,,,,,,,,,Motoryzacja / Części samochodowe / Pozostałe,,,,
,a0fd002b-6bcf-4dde-b975-ff6f215a4dcc,glyco panewki korbowodowe h1065/5 std RENAULT FORD Sierra Peugeot 504,1,71,,,https://parts.dcplatforms.pl/ogloszenie/131577b7-0d3c-4f1e-997d-b7f5135ef42c/01.jpg,https://parts.dcplatforms.pl/ogloszenie/131577b7-0d3c-4f1e-997d-b7f5135ef42c/02.jpg,https://parts.dcplatforms.pl/ogloszenie/131577b7-0d3c-4f1e-997d-b7f5135ef42c/03.jpg,https://parts.dcplatforms.pl/ogloszenie/131577b7-0d3c-4f1e-997d-b7f5135ef42c/04.jpg,,,,,,,,,,,,,,Motoryzacja / Części samochodowe / Osobowe,,,,
,a20c4aab-908d-4610-afbf-6f1dd91c807b,GLYCO Panewki korbowodowe 2.3 JTD 71-4080/4 STD Iveco Daily Fiat Ducato Peugot 309,1,90,,,https://parts.dcplatforms.pl/ogloszenie/2d718324-00d6-4e53-a410-f00b0284d2fb/01.jpg,https://parts.dcplatforms.pl/ogloszenie/2d718324-00d6-4e53-a410-f00b0284d2fb/02.jpg,https://parts.dcplatforms.pl/ogloszenie/2d718324-00d6-4e53-a410-f00b0284d2fb/03.jpg,,,,,,,,,,,,,,,Motoryzacja / Części samochodowe / Osobowe,,,,
,eabc2767-c60a-4364-9f6c-55408e9efb6f,Sworzeń wahacza SB-N252 555 NISSAN Navara Patrol ARMADA MK,1,89,,,https://parts.dcplatforms.pl/ogloszenie/83ee108d-cee9-4a86-90a6-141fcabd542f/01.jpg,https://parts.dcplatforms.pl/ogloszenie/83ee108d-cee9-4a86-90a6-141fcabd542f/02.jpg,https://parts.dcplatforms.pl/ogloszenie/83ee108d-cee9-4a86-90a6-141fcabd542f/03.jpg,,,,,,,,,,,,,,,Rolnictwo / Części do maszyn rolniczych,,,,
,8e762a3a-a5cb-441e-bec9-e8cb40d6cc41,Moduł lampy BMW G11 G12 G30 G31 G32 PRZETWORNICA LED 8492687,1,249,,,https://parts.dcplatforms.pl/ogloszenie/dac720e4-907b-4330-8144-ad607ebcf06e/01.jpg,https://parts.dcplatforms.pl/ogloszenie/dac720e4-907b-4330-8144-ad607ebcf06e/02.jpg,,,,,,,,,,,,,,,,Motoryzacja / Części samochodowe / Osobowe,,,,
,b9bbe294-8c93-4c32-a5ab-4e115093fd37,Nowy kask Shoei X-SPR PRO Proxy TC-10 + GRATISY,1,2499,,,https://parts.dcplatforms.pl/ogloszenie/bf6437f8-edf8-46e5-bf40-d7dea2bb23d2/01.jpg,https://parts.dcplatforms.pl/ogloszenie/bf6437f8-edf8-46e5-bf40-d7dea2bb23d2/02.jpg,https://parts.dcplatforms.pl/ogloszenie/bf6437f8-edf8-46e5-bf40-d7dea2bb23d2/03.jpg,https://parts.dcplatforms.pl/ogloszenie/bf6437f8-edf8-46e5-bf40-d7dea2bb23d2/04.jpg,https://parts.dcplatforms.pl/ogloszenie/bf6437f8-edf8-46e5-bf40-d7dea2bb23d2/05.jpg,,,,,,,,,,,,,Motoryzacja / Części motocyklowe,,,,
,a923b73b-7511-4a5e-82f6-ec9fc782dac1,Dach tył błotniki Golf 7 7R,1,1000,,,https://parts.dcplatforms.pl/ogloszenie/9e2753ed-6808-4f58-bb54-dee4ec3ecdd1/01.jpg,https://parts.dcplatforms.pl/ogloszenie/9e2753ed-6808-4f58-bb54-dee4ec3ecdd1/02.jpg,,,,,,,,,,,,,,,,Motoryzacja / Części samochodowe / Osobowe,,,,
